Nom de l’ensemble de termes,Description de l’ensemble de termes,LCID,Disponible pour le marquage,Description du terme,Terme de niveau 1,Terme de niveau 2,Terme de niveau 3,Terme de niveau 4,Terme de niveau 5,Terme de niveau 6,Terme de niveau 7
Navigation Site,Navigation Collection de site,,True,Espace Interne EDF,Espace Interne EDF,,,,,,
,,,,RenouvEau P&S,Espace Interne EDF,RenouvEau P&S,,,,,
,,,,Projet e-Exploitation,Espace Interne EDF,Projet e-Exploitation,,,,,
,,,,Projet Infra,Espace Interne EDF,Projet Infra,,,,,
,,,,projet MSH,Espace Interne EDF,projet MSH,,,,,
,,,,Espace Référentiel,Espace Interne EDF,projet MSH,Espace Référentiel,,,,
,,,,Espace Equipe,Espace Interne EDF,projet MSH,Espace Equipe,,,,
,,,,Espace Déploiement,Espace Interne EDF,projet MSH,Espace Déploiement,,,,
,,,,Suivi d'opération,Espace Interne EDF,projet MSH,Suivi d'opération,,,,
,,,,Espace MMH,Espace Interne EDF,Projet MMH,,,,,
,,,,Espace Referentiel,Espace Interne EDF,Projet MMH,Espace Référentiel,,,,
,,,,Espace Equipe,Espace Interne EDF,Projet MMH,Espace Equipe,,,,
,,,,Espace de deploiement,Espace Interne EDF,Projet MMH,Espace Déploiement,,,,
,,,,Liste de suivi,Espace Interne EDF,Projet MMH,Suivi d'opération,,,,
,,,,Accueil Espace Externe,Accueil Espace Externe,,,,,,
